asin,title,rank,price,rating_volume,offers,offers_bool,rating,Brand,Color,Connectivity Technology,Special Feature,Movement Detection Technology,Number of Buttons,Recommended Uses For Product,Material,Hand Orientation,Tech Brand,Series,Item model number,Hardware Platform,Operating System,Item Weight,Product Dimensions,Item Dimensions,Color,Power Source,Manufacturer,Department,Batteries,ASIN,Is Discontinued By Manufacturer,Customer Reviews,Rating,Best Sellers Rank,Country of Origin,Average Battery Life (in hours),OS,Connectivity technologies,Special features,Other display features,Whats in the box,Standing screen display size,Language,Package Dimensions,Voltage,Wireless Type,Number of Processors
B07GBZ4Q68,"Logitech G502 HERO High Performance Wired Gaming Mouse, HERO 25K Sensor, 25,600 DPI, RGB, Adjustable Weights, 11 Programmable Buttons, On-Board Memory, PC / Mac",1,40.79,49152,0,FALSE,4.7,Logitech G,Black,USB,"Programmable Buttons, Touch Scroll, LED Lights",Optical,null,null,null,null,Logitech G502 HERO High Performance Gaming Mouse,910-005469,PC,OS,4.3,1.57 x 2.95 x 5.2 inches,LxWxH 1.57 x 2.95 x 5.2 inches,Corded Electric,1 AA batteries required. (included),mouse,Logitech,B07GBZ4Q68,No,null,null,null,null,null,null,null,null,null,null,null,null,null,null,null,null,,
B0BR5MJQ6W,"Vaydeer Ultra Slim Mouse Mover with Adjustable Interval Timer, Undetectable & Noiseless Jiggler Simulates Realistic Movement, Driver-Free Shaker for Keeping the PC Active and Secure.",2,21.99,4140,0,FALSE,4.5,Vaydeer,dark blue,USB,"Random and Natural Movement, Driver-free, 100% Undetectable, Adjustable Interval",Optical,null,null,null,null,null,FM2031(ultra mince),null,null,3.7,5.39 x 3.13 x 0.69 inches,null,null,null,null,VAYDEER,B0BR5MJQ6W,null,"4,089",4.5,"#43 in Video Games (See Top 100 in Video Games), #1 in Mac Gaming Mice, #5 in PC Gaming Mice",China,null,null,null,null,null,null,null,null,null,null,null,null,,
B094PS5RZQ,Razer DeathAdder Essential Gaming Mouse: 6400 DPI Optical Sensor - 5 Programmable Buttons - Mechanical Switches - Rubber Side Grips - Classic Black,3,24.4,8514,0,FALSE,4.4,Razer,Classic Black,Wired,"Programmable Buttons, Optical Sensor, Ergonomic, Lightweight, Durable",Optical,null,null,null,null,Deathadder Essential,RZ01-03850100-R3U1,PC,null,3.39,5.01 x 2.86 x 1.69 inches,LxWxH 5.01 x 2.86 x 1.69 inches,Corded Electric,null,null,Razer,B094PS5RZQ,null,null,null,null,null,null,null,null,null,null,null,null,null,null,null,null,null,,
B07CMS5Q6P,"Logitech G305 LIGHTSPEED Wireless Gaming Mouse, Hero 12K Sensor, 12,000 DPI, Lightweight, 6 Programmable Buttons, 250h Battery Life, On-Board Memory, PC/Mac - Black",4,39.95,26809,0,FALSE,4.6,Logitech G,Black,Bluetooth,"Wireless, Lightweight, Programmable Buttons, Onboard Memory, Lightweight, Portable, Long Battery LifeWireless, Lightweight, Programmable Buttons, Onboard Memory, Lightweight, Portable, Long Battery Life",Optical,null,null,null,null,G305,910-005280,PC/Mac,Microsoft Windows,3.36,2.45 x 1.5 x 4.6 inches,LxWxH 2.45 x 1.5 x 4.6 inches,Battery Powered,1 AA batteries required. (included),null,Logitech,B07CMS5Q6P,No,null,null,null,null,250,null,null,null,null,null,null,null,null,null,null,null,,
B087Q7V2BV,"LeadsaiL Wireless Computer Mouse, 2.4G Portable Slim USB Mouse, Silent Click Laptop Mouse with One AA Battery 3 Adjustable Levels, 4 Buttons Cordless Mouse for Windows Mac PC Notebook (Light White)",5,39.95,3655,0,FALSE,4.5,null,null,null,null,null,null,null,null,null,null,null,null,null,null,null,null,null,null,null,null,null,null,null,null,null,null,null,null,null,null,null,null,null,null,null,null,null,null,,
B08SJ5Z8JL,"Redragon M612 Predator RGB Gaming Mouse, 8000 DPI Wired Optical Gamer Mouse with 11 Programmable Buttons & 5 Backlit Modes, Software Supports DIY Keybinds Rapid Fire Button",6,19.99,2491,0,FALSE,4.6,Redragon,Black,null,"Programmable Buttons, Ergonomic Design, RGB Backlit",Optical,9,null,null,null,null,M612-RGB,null,null,5.1,5.43 x 3.43 x 1.97 inches,null,null,null,null,Redragon,B08SJ5Z8JL,null,"2,443",4.6,"#36 in Video Games (See Top 100 in Video Games), #4 in PC Gaming Mice",China,null,null,null,null,null,null,null,null,null,null,null,null,,
B087LXCTFJ,"Logitech G PRO X SUPERLIGHT Wireless Gaming Mouse, Ultra-Lightweight, HERO 25K Sensor, 25,600 DPI, 5 Programmable Buttons, Long Battery Life, Compatible with PC / Mac - Black",7,108,5610,108,TRUE,4.7,Logitech G,Black,USB,"Wireless, Programmable Buttons, Lightweight, Rechargeable",Optical,null,null,null,null,G PRO X Superlight,910-005878,PC,Windows 8,2.2,1.57 x 2.5 x 4.92 inches,LxWxH 1.57 x 2.5 x 4.92 inches,Battery Powered,1 Lithium Polymer batteries required. (included),null,Logitech,B087LXCTFJ,null,null,null,null,null,null,null,null,null,null,null,null,null,null,null,null,null,,
B07YN82X3B,"Logitech G203 Wired Gaming Mouse, 8,000 DPI, Rainbow Optical Effect LIGHTSYNC RGB, 6 Programmable Buttons, On-Board Memory, Screen Mapping, PC/Mac Computer and Laptop Compatible - Black",8,26.77,15354,0,FALSE,4.7,Logitech G,Black,USB,Lightsync RGB Lighting,Optical,null,null,null,null,Logitech G203 HERO LightSync - Black,910-005790,"PC, Mac",null,4.8,4.1 x 6.2 x 1.7 inches,LxWxH 4.1 x 6.2 x 1.7 inches,Corded Electric,1 Lithium Polymer batteries required.,mouse,null,B07YN82X3B,null,null,null,null,null,null,null,null,null,null,null,null,null,null,null,null,null,,
B0B66RHD7B,"Redragon Gaming Mouse, Wireless Mouse Gaming with RGB Backlit, 8000 DPI, PC Gaming Mice with Fire Button, Macro Editing Programmable Mouse Gamer,70Hrs for Windows/Mac, Rechargeable, Black, M910-KS",9,29.99,993,0,FALSE,4.5,Redragon,Black,2.4G USB Receiver,Programmable Buttons,Optical,null,null,null,null,null,M910-KS,null,null,4.8,5.12 x 2.76 x 1.57 inches,null,null,1 Lithium Polymer batteries required. (included),null,Redraogon,B0B66RHD7B,null,960,4.5,"#82 in Video Games (See Top 100 in Video Games), #7 in PC Gaming Mice, #355 in Climate Pledge Friendly",null,null,null,null,null,null,null,null,null,null,null,null,null,,
B09C13PZX7,Razer Basilisk V3 Customizable Ergonomic Gaming Mouse: Fastest Gaming Mouse Switch - Chroma RGB Lighting - 26K DPI Optical Sensor -Classic Black,10,49.87,5601,0,FALSE,4.6,Razer,Classic Black,USB,"Programmable Buttons, RGB Lighting, Ergonomic Design",Optical,null,null,null,null,Basilisk V3,RZ01-04000100-R3U1,"PC, Mac","Windows 11, Windows 10",4.5,2.96 x 5.12 x 1.67 inches,LxWxH 2.96 x 5.12 x 1.67 inches,Corded Electric,1 Lithium Ion batteries required.,null,Razer,B09C13PZX7,null,null,null,null,null,null,null,null,null,null,null,null,null,null,null,null,null,,
B07HC4NBQ8,"Redragon M908 Impact RGB LED MMO Gaming Mouse with 12 Side Buttons, Optical Wired Ergonomic Gamer Mouse with Max 12,400DPI, High Precision, 20 Programmable Macro Shortcuts, Comfort Grip",11,22.89,12277,0,FALSE,4.5,Redragon,Black,USB,"Programmable Buttons, LED Lights",Optical,null,null,null,null,null,M908,null,null,6.2,5.12 x 3.94 x 1.57 inches,null,null,null,null,Redragon,B07HC4NBQ8,No,"12,230",4.5,"#315 in Video Games (See Top 100 in Video Games), #18 in PC Gaming Mice",China,null,null,null,null,null,null,null,null,null,null,null,null,,
B0B96PKNVL,"Redragon Gaming Mouse, Wired Gaming Mouse with RGB Backlit, 8000 DPI Adjustable, Mouse with 9 Programmable Macro Buttons & Fire Button, Software Supports DIY Keybinds, M910-K",12,15.99,15140,0,FALSE,4.5,Redragon,Black,USB,"Ergonomic design, RGB backlight, Adjustable DPI 8000, Fire Button, Programmable Gaming Mouse",Optical,null,null,null,null,null,M910-K,null,null,4.6,4.9 x 2.85 x 1.57 inches,null,null,null,null,Redraogon,B0B96PKNVL,null,"13,921",4.5,"#540 in Video Games (See Top 100 in Video Games), #32 in PC Gaming Mice, #1,028 in Climate Pledge Friendly",China,null,null,null,null,null,null,null,null,null,null,null,null,,
B00Z9V0NKC,"BENGOO Gaming Mouse Wired, Ergonomic Gamer Laptop PC USB Optical Computer Mice with RGB Backlit, 4 Adjustable DPI Up to 3600, 6 Programmable Buttons for Windows 7/8/10/XP Vista Linux -Black",13,11.99,11711,0,FALSE,4.6,BENGOO,black,USB,Programmable Buttons,Optical,null,null,null,null,null,M1,null,null,4.2,5.8 x 1.8 x 4.5 inches,null,null,null,null,Bengoo Inc.,B00Z9V0NKC,No,"11,686",4.6,"#250 in Video Games (See Top 100 in Video Games), #1 in NES Accessories, #2 in Nintendo DS Accessories, #4 in Nintendo 3DS & 2DS Accessories",null,null,"Windows 7 Professional or Ultimate, Windows8, Windows XP",USB,Programmable Buttons,Wireless,1*BEN-BXO-17B Bengoo Gmaing Mouse,null,null,null,null,null,null,,
B08FQMBKQG,Razer DeathAdder V2 Pro Wireless Gaming Mouse: 20K DPI Optical Sensor - 3X Faster Than Mechanical Optical Switch - Chroma RGB Lighting - 70 Hr Battery Life - 8 Programmable Buttons - Classic Black,14,68.04,7807,0,FALSE,4.6,Razer,Classic Black,HDMI,"Wireless, Lightweight, Ergonomic Design",Optical,null,null,null,null,DeathAdder V2 Pro,RZ01-03350100-R3U1,"PC, Mac",Windows 11,4.3,2.86 x 1.68 x 5 inches,LxWxH 2.86 x 1.68 x 5 inches,Battery Powered,1 Lithium Polymer batteries required. (included),mouse,Razer,B08FQMBKQG,No,null,null,null,China,120,null,null,null,null,null,7 Inches,null,null,null,null,null,,
B07XP4K152,"UtechSmart Venus Pro RGB Wireless MMO Gaming Mouse, 16,000 DPI Optical Sensor, 2.4 GHz Transmission Technology, Ergonomic Design, 16M Chroma RGB Lighting, 16 programmable Buttons, Up to 70 Hours",15,47.99,21876,0,FALSE,4.5,UtechSmart,classic black,USB Receiver,"Wireless MMO Gaming Mouse, 16,000 DPI Optical Sensor, 2.4 GHz Transmission Technology, Ergonomic Design, 16M Chroma RGB Lighting, 16 programmable Buttons, Up to 70 Hours Battery LifeWireless MMO Gaming Mouse, 16,000 DPI Optical Sensor, 2.4 GHz Transmission Technology, Ergonomic Design, 16M Chroma RGB Lighting, 1…",Optical,null,null,null,null,WIRELESS VENUSPRO GAMING MOUSE,DS-2833,PC/Mac,Windows 10,6,4.6 x 3 x 1.5 inches,LxWxH 4.6 x 3 x 1.5 inches,Battery Powered,1 Lithium Polymer batteries required. (included),null,UtechSmart Technology,B07XP4K152,No,null,null,null,China,70,null,null,null,null,null,null,null,null,null,null,null,,
B000UVRU6G,SteelSeries QcK Gaming Mouse Pad - Large Cloth - Optimized For Gaming Sensors,16,14.99,51781,0,FALSE,4.7,SteelSeries,Classic Black,null,Washable,null,null,Gaming,Rubber,null,null,63003,null,null,8,17.72 x 15.7 x 0.08 inches,null,null,null,mouse pad / trackpad,SteelSeries,B000UVRU6G,No,"51,725",4.7,"#334 in Video Games (See Top 100 in Video Games), #20 in PC Gaming Mice",Taiwan,null,null,null,null,null,null,null,English,null,null,null,null,,
B09QG1PTKH,"LODVIE Wireless Mouse, 2.4G Comfortable Wireless Computer Mouse for Laptop, 5 Adjustable 2400 DPI with 6 Buttons, 15 Months Battery Life Mouse for Laptop PC Mac Computer Chromebook MacBook - Black",17,8.79,5961,0,FALSE,4.5,LODVIE,Black,USB,"Wireless, Portable, Lightweight, Ergonomic Design",Optical,null,null,null,null,null,D-09,null,null,2.89,4.09 x 2.76 x 1.69 inches,null,null,null,null,LODVIE,B09QG1PTKH,null,"5,909",4.5,"#492 in Video Games (See Top 100 in Video Games), #30 in PC Gaming Mice",null,null,null,null,null,null,null,null,English,null,null,null,null,,
B092CRH1RX,"Logitech G502 X Lightspeed Wireless Gaming Mouse - LIGHTFORCE hybrid optical-mechanical switches, HERO 25K gaming sensor, compatible with PC - macOS/Windows - Black",18,122.89,1281,0,FALSE,4.6,null,null,null,null,null,null,null,null,null,Wireless,910-006178,PC,Windows 10,3.59,6.9 x 4.6 x 2.8 inches,LxWxH 6.9 x 4.6 x 2.8 inches,null,1 Lithium Polymer batteries required. (included),null,Logitech,B092CRH1RX,null,null,null,null,null,null,null,null,null,null,null,null,null,null,null,null,null,,
B07L4BM851,"Logitech G502 Lightspeed Wireless Gaming Mouse with Hero 25K Sensor, PowerPlay Compatible, Tunable Weights and Lightsync RGB - Black",19,107.5,11233,0,FALSE,4.7,Logitech G,Black,null,"Wireless, Programmable Buttons, Lightweight, Rechargeble",Optical,null,null,null,null,G502 Lightspeed Wireless Gaming Mouse,910-005565,PC,Mac OS,15.2,5.19 x 2.95 x 1.57 inches,LxWxH 5.19 x 2.95 x 1.57 inches,Battery Powered,1 Lithium Polymer batteries required. (included),null,Logitech,B07L4BM851,null,null,null,null,null,null,null,null,null,null,null,null,null,null,null,null,null,,
B07GCKQD77,"Logitech G Pro Wireless Gaming Mouse with Esports Grade Performance, Black",20,87.89,13326,0,FALSE,4.7,Logitech G,Black,Wireless,Esports-Grade Performance,Optical,null,null,null,null,Pro Wireless Gaming Mouse,910-005270,Mac,"Chrome OS, Windows 7",2.88,1.57 x 2.5 x 4.92 inches,LxWxH 1.57 x 2.5 x 4.92 inches,Battery Powered,1 Lithium Polymer batteries required. (included),null,Logitech,B07GCKQD77,No,null,null,null,null,null,null,null,null,null,null,null,null,null,null,null,null,,
B0BHMLWH3Z,"Logitech G240 Cloth Gaming Mouse Pad, Optimized for Gaming Sensors, Moderate Surface Friction, Non-Slip Mouse Mat, Mac and PC Gaming Accessories, 340 x 280 x 1 mm",21,21.18,1627,21.18,TRUE,4.7,Logitech G,Black,null,Non-slip,null,null,"Office, Gaming",Rubber,null,null,943-000783,null,null,4.8,13.39 x 11.02 x 1 inches,null,null,null,null,Logitech,B0BHMLWH3Z,null,"1,601",4.7,"#303 in Video Games (See Top 100 in Video Games), #16 in PC Gaming Mice, #142 in Climate Pledge Friendly",null,null,null,null,null,null,null,null,null,null,null,null,null,,
B088B3ZM76,"Redragon M913 Impact Elite Wireless Gaming Mouse, 16000 DPI Wired/Wireless RGB Gamer Mouse with 16 Programmable Buttons, 45 Hr Battery and Pro Optical Sensor, 12 Side Buttons MMO Mouse",22,31.95,12277,0,FALSE,4.5,Redragon,Black,"Bluetooth, USB","Wireless, Programmable Buttons",Optical,null,null,null,null,null,M913,null,null,4.7,6.89 x 4.53 x 1.97 inches,null,null,1 Lithium Polymer batteries required. (included),null,Redragon,B088B3ZM76,null,"12,230",4.5,"#534 in Video Games (See Top 100 in Video Games), #30 in PC Gaming Mice",China,null,null,null,null,null,null,null,null,null,null,null,null,,
B09JSH81HZ,"Trueque Wireless Mouse for Laptop, 2.4GHz Ergonomic Computer Mouse with Back & Forward Buttons, 3-Level DPI, 6 Buttons, Optical USB Cordless Mice for Windows Chromebook MacBook PC",23,13.99,3545,0,FALSE,4.5,Trueque,Gray,USB,"Wireless, Portable, Lightweight, Back & Forward Buttons, Ergonomic Design, 3 DPI levels (800/1200/1600)Wireless, Portable, Lightweight, Back & Forward Buttons, Ergonomic Design, 3 DPI levels (800/1200/1600)",Optical,null,null,null,null,null,null,null,null,3.2,4.1 x 2.4 x 1.6 inches,null,null,1 AA batteries required.,null,Trueque,B09JSH81HZ,null,"3,519",4.5,"#253 in Video Games (See Top 100 in Video Games), #13 in PC Gaming Mice",China,null,null,null,null,null,null,null,null,null,null,null,null,,
B08QVNG4BM,Razer Naga X Wired MMO Gaming Mouse: 18K DPI Optical Sensor - 2nd-gen Optical Switch - Chroma RGB Lighting - 16 Programmable Buttons - 85g - Classic Black,24,44.99,20536,0,FALSE,4.5,Razer,black,USB,"Wireless, Programmable Buttons, Portable, Ergonomic Design",Optical,null,null,null,null,null,RZ01-03590100-R3U1,null,null,22,2.95 x 4.68 x 1.7 inches,null,null,null,null,Razer,B08QVNG4BM,null,"20,500",4.5,"#398 in Video Games (See Top 100 in Video Games), #25 in PC Gaming Mice",China,null,null,null,null,null,null,null,null,null,null,null,null,,
B086X42Q4R,"Vassink Ergonomic Mouse, Rechargeable Wireless Mouse, 2.4GHz Rechargeable Wireless Vertical Optical Mice with USB Receiver, 6 Buttons, 800/1200/1600 DPI, for Laptop, PC, Computer Black",25,13.79,2789,0,FALSE,4.2,Vassink,Black,"Wireless, USB","Wireless, Rechargeable",Optical,null,null,null,null,null,null,null,null,5.6,4.72 x 2.36 x 3.15 inches,null,null,1 Lithium Polymer batteries required. (included),null,Vassink,B086X42Q4R,null,"2,769",4.2,"#608 in Video Games (See Top 100 in Video Games), #6 in GEM Box Microconsole, #35 in PC Gaming Mice",China,null,null,null,null,null,null,null,null,null,null,null,null,,
B082LRMY53,"Corsair SCIMITAR RGB ELITE Gaming Mouse For MOBA, MMO - 18,000 DPI - 17 Progammable Buttons - iCUE Compatible - Black",26,59.99,2581,0,FALSE,4.4,Corsair,Black,Bluetooth,Key Slider Side Panel,Optical,null,null,null,null,SCIMITAR RGB ELITE,CH-9304211-NA,PC,null,4.3,6.89 x 4.49 x 3.15 inches,LxWxH 6.89 x 4.49 x 3.15 inches,Corded Electric,1 AA batteries required.,null,Corsair,B082LRMY53,null,null,null,null,China,null,null,null,null,null,null,null,null,null,null,null,null,,
B092QXSVSB,"VersionTECH. Wireless Gaming Mouse, Rechargeable Computer Mouse Mice with 7 LED Lights, 6 Programmable Buttons, 2.4G USB Nano Receiver 3 Adjustable DPI for Laptop PC Gamer Desktop Chromebook Mac-Black",27,15.99,4421,0,FALSE,4.3,VersionTECH.,Black,2.4G Wireless Connection,"Wireless, Programmable Buttons, Ergonomic Design, Rechargeable, LED Lights",Optical,null,null,null,null,null,GM-03,null,null,3.32,4.02 x 5.59 x 1.97 inches,null,null,1 Lithium Polymer batteries required. (included),null,VersionTECH.,B092QXSVSB,null,"4,393",4.3,"#349 in Video Games (See Top 100 in Video Games), #5 in Mac Gaming Mice, #23 in PC Gaming Mice",China,null,null,null,null,null,null,null,null,null,null,null,null,,
B0BP6HTL8P,Dofuhem Metal Mini Mouse Mover with 2 Buttons Undetectable Tiny Mouse Jiggler with ON/Off Switch 3 Jiggle Modes Automatically Simulates Mouse Movement for Computer Awakening,28,6.99,545,0,FALSE,4.6,Dofuhem,black,USB,"2 buttons, metal",Optical even without mouse,null,null,null,null,null,null,null,null,0.32,1.24 x 0.43 x 0.1 inches,null,null,null,null,Dofuhem,B0BP6HTL8P,null,539,4.5,"#525 in Video Games (See Top 100 in Video Games), #31 in PC Gaming Mice",China,null,null,null,null,null,null,null,null,null,null,null,null,,
B0788MCRGC,"Razer Naga Trinity Gaming Mouse: 16,000 DPI Optical Sensor - Chroma RGB Lighting - Interchangeable Side Plate w/ 2, 7, 12 Button Configurations - Mechanical Switches",29,78.4,20536,0,FALSE,4.5,Razer,null,USB,"Programmable Buttons, Lightweight, Ergonomic Design",Optical,19,null,null,null,null,RZ01-02410100-R3U1,null,null,10.6,2.76 x 2.91 x 1.69 inches,null,null,2 AA batteries required.,null,Razer Inc.,B0788MCRGC,No,"20,500",4.5,"#423 in Video Games (See Top 100 in Video Games), #27 in PC Gaming Mice",null,null,null,null,null,null,null,null,null,null,null,null,null,,
B07NSSPV9S,"Logitech G703 Lightspeed Wireless Gaming Mouse W/Hero 25K Sensor, PowerPlay Compatible, Lightsync RGB, Lightweight 95G+10G Optional, 100-25, 600 DPI, Rubber Side Grips - Black",30,72.95,6501,0,FALSE,4.6,Logitech G,Black,Bluetooth,Lightweight,Optical,null,null,null,null,G703 LIGHTSPEED Wireless Gaming Mouse with HERO 25K Sensor,910-005638,PC,Microsoft Windows,3.8,43 x 68 x 124 inches,LxWxH 43 x 68 x 124 inches,Battery Powered,1 Lithium Polymer batteries required. (included),null,Logitech,B07NSSPV9S,No,null,null,null,null,null,null,null,null,null,null,null,null,null,null,null,null,,
B088539GLT,"Razer Gigantus v2 Cloth Gaming Mouse Pad (Medium): Thick, High-Density Foam - Non-Slip Base - Classic Black",31,8.99,10190,0,FALSE,4.7,Razer,Classic Black,null,Non-slip,null,null,Gaming,Rubber,null,null,RZ02-03330200-R3U1,null,null,0.656,14.18 x 10.84 x 0.12 inches,null,null,null,null,Razer,B088539GLT,null,"10,174",4.7,"#321 in Video Games (See Top 100 in Video Games), #19 in PC Gaming Mice",null,null,null,null,null,null,null,null,null,null,null,null,null,,
B08D27XXRY,"Razer Naga Pro Wireless Gaming Mouse: Interchangeable Side Plate w/ 2, 6, 12 Button Configurations - Focus+ 20K DPI Optical Sensor - Fastest Gaming Mouse Switch - Chroma RGB Lighting",32,96.1,20536,0,FALSE,4.5,Razer,Black,USB,"Wireless, Programmable Buttons, Touch Scroll, Ergonomic Design",Optical,null,null,null,null,null,RZ01-03420100-R3U1,null,null,4.1,2.94 x 1.7 x 4.68 inches,null,null,null,null,Razer,B08D27XXRY,null,"20,500",4.5,"#542 in Video Games (See Top 100 in Video Games), #31 in PC Gaming Mice",null,null,null,null,null,null,null,null,null,null,null,null,null,,
B09QS2GS2H,"T-DAGGER Wireless Gaming Mouse- USB Cordless PC Accessories Computer Mice with LED Backlit, Ergonomic Gamer Laptop Mouse with 7 Silent Buttons, 5 Adjustable DPI Plug & Play for PC",33,16.99,1494,0,FALSE,4.5,T-DAGGER,Blue,USB,"Wireless, Portable, Ergonomic Design",Optical,null,null,null,null,null,null,null,null,2.94,2.8 x 4.88 x 1.54 inches,null,null,1 AA batteries required.,null,T-DAGGER,B09QS2GS2H,null,"1,482",4.5,"#353 in Video Games (See Top 100 in Video Games), #24 in PC Gaming Mice",null,null,null,null,null,null,null,null,null,null,null,null,null,,
B09NBV52FS,"WEEMSBOX Wired Gaming Mouse, PC Gaming Mice [Breathing RGB LED] [Plug Play] High-Precision Adjustable 7200 DPI, 7 Programmable Buttons, Ergonomic Computer USB Mouse for Windows/PC/Mac/Laptop Gamer",34,16.99,1785,0,FALSE,4.5,WEEMSBOX,Black,USB,"Programmable Buttons, Portable, Ergonomic Design",Optical,null,null,null,null,null,null,null,null,7.1,null,null,null,null,null,Lizsword,B09NBV52FS,null,"1,772",4.5,"#612 in Video Games (See Top 100 in Video Games), #36 in PC Gaming Mice, #44 in Mac Games & Accessories",null,null,null,null,null,null,null,null,null,5.28 x 3.58 x 2.05 inches,null,null,null,,
B0BYJ7N7LX,"SOLAKAKA White Wireless Gaming Mouse Bluetooth with Honeycomb Shell, Side Buttons,Tri-Modes(BT5.1+BT5.1+2.4GHz) Lightweight RGB for PC/Tablet/Desktop/Office/Games",35,25.89,495,0,FALSE,4.1,SOLAKAKA,white-SM600 PLUS,"Wireless, Bluetooth",Wireless,Optical,null,null,null,null,null,0615-A107,null,null,3.17,4.88 x 2.76 x 1.61 inches,null,null,null,null,SOLAKAKA,B0BYJ7N7LX,null,433,4.2,"#647 in Video Games (See Top 100 in Video Games), #40 in PC Gaming Mice",null,null,null,null,null,null,null,null,null,null,null,null,null,,
B09QXBVMDH,Superglide1 - Super Smooth Polished Surface Mouse Feet/Skates Made with Ultra Strong Flawless Glass Super Fast Smooth and Durable Sole for Logitech G Pro X Superlight1 [White],36,24.95,1518,0,FALSE,4.5,Pulsar Gaming Gears,White,Not required,Tempered Glass,Optical,null,null,null,null,null,null,PC,null,1.44,null,null,null,null,null,AplusX Inc.,B09QXBVMDH,null,null,null,null,China,null,null,null,null,null,null,null,null,4.06 x 3.15 x 0.51 inches,null,null,null,,
B09ZY348SY,"Redragon M810 Pro Wireless Gaming Mouse, 10000 DPI Wired/Wireless Gamer Mouse w/Rapid Fire Key, 8 Macro Buttons, 45-Hour Durable Power Capacity and RGB Backlit for PC/Mac/Laptop",37,32.99,733,0,FALSE,4.5,Redragon,Black,"2.4Ghz Wireless, USB-C",Wireless,Optical,null,null,null,null,null,M810 PRO,null,null,8.8,8.07 x 6.1 x 2.17 inches,null,null,1 Lithium Polymer batteries required.,null,Redragon,B09ZY348SY,null,710,4.5,"#576 in Video Games (See Top 100 in Video Games), #10 in Mac Gaming Mice, #33 in PC Gaming Mice",China,null,null,null,null,null,null,null,null,null,null,null,null,,
B07YPC3BQC,Razer Viper Ultimate Hyperspeed Lightest Wireless Gaming Mouse & RGB Charging Dock: Fastest Gaming Mouse Switch - 20K DPI Optical Sensor - Chroma Lighting - 8 Programmable Buttons - 70 Hr Battery,38,93.99,15261,0,FALSE,4.6,Razer,Classic Black,"2.4GHz Wireless, USB","Wireless, Programmable Buttons, Portable, Lightweight, Chroma RGB",Optical,null,null,null,null,Viper Ultimate,RZ01-03050100-R3U1,PC,null,2.72,2.61 x 4.98 x 1.49 inches,LxWxH 2.61 x 4.98 x 1.49 inches,Battery Powered,1 Lithium Ion batteries required. (included),mouse,Razer,B07YPC3BQC,No,null,null,null,China,null,null,null,null,null,null,null,null,null,null,null,null,,
B09TLCRGMN,"HyperX Pulsefire Haste – Wireless Gaming Mouse – Ultra Lightweight, 61g, 100 Hour Battery Life, 2.4Ghz Wireless, Honeycomb Shell, Hex Design, Up to 16000 DPI, 6 Programmable Buttons – Black",39,48.99,2167,0,FALSE,4.6,HyperX,Black,USB,"Wireless, Lightweight, Ergonomic Design, LED Lights, Water Resistant",Optical,null,null,null,null,Pulsefire Haste,4P5D7AA,PC,null,7.2,4.7 x 7.1 x 2.4 inches,LxWxH 4.7 x 7.1 x 2.4 inches,Battery Powered,1 Lithium Polymer batteries required. (included),null,HP Inc.,B09TLCRGMN,null,null,null,null,null,100,null,null,null,null,null,null,English,null,1 Volts,null,null,,
B07YPBQSCK,"Razer Basilisk X HyperSpeed Wireless Gaming Mouse: Bluetooth & Wireless Compatible, 16K DPI Optical Sensor, 6 Programmable Buttons, 450 Hr Battery, Classic Black",40,44.98,19724,0,FALSE,4.5,Razer,Black,Wireless,"Wireless, Programmable Buttons, Portable, Ergonomic Design",Optical,null,null,null,null,Basilisk X HyperSpeed,RZ01-03150100-R3U1,PC,Windows 11,7,5.11 x 2.36 x 1.65 inches,LxWxH 5.11 x 2.36 x 1.65 inches,Battery Powered,1 AA batteries required. (included),mouse,Razer,B07YPBQSCK,No,null,null,null,null,450,null,null,null,null,null,null,null,null,null,null,null,,
B09VCR969M,Razer Viper V2 Pro HyperSpeed Wireless Gaming Mouse: 58g Ultra Lightweight - Optical Switches Gen-3-30K DPI Optical Sensor w/On-Mouse Controls - 90 Hour Battery - USB Type C Cable Included - Black,41,119.99,1408,0,FALSE,4.3,Razer,Black,Wireless,"Wireless, Lightweight, Rechargeable",Optical,null,null,null,null,Viper V2 Pro,RZ01-04390100-R3U1,PC,null,2.05,4.98 x 2.61 x 1.49 inches,LxWxH 4.98 x 2.61 x 1.49 inches,Battery Powered,1 Lithium Ion batteries required. (included),null,Razer,B09VCR969M,null,null,null,null,null,null,null,null,null,null,null,null,null,null,null,null,null,,
B0B6XTDJS1,Razer DeathAdder V3 Wired Gaming Mouse: 59g Ultra Lightweight - Pro 30K Optical Sensor - Gen-3 Fast Optical Switches - 8K Hz HyperPolling - 6 Programmable Buttons - Ergonomic - Speedflex Cable - Black,42,69.99,308,0,FALSE,4.5,Razer,Black,USB,"8K Hz HyperPolling, 6 Programmable Buttons - Ergonomic - Speedflex Cable, Focus Pro 30K Optical Sensor, 59g Ultra Lightweight, Fast Optical Switches Gen-38K Hz HyperPolling, 6 Programmable Buttons - Ergonomic - Speedflex Cable, Focus Pro 30K Optical Sensor, 59g Ultra Lightweight, Fast Optic…",Optical,null,null,null,null,DeathAdder V3,RZ01-04640100-R3U1,PC,null,2.08,5.01 x 2.65 x 1.69 inches,LxWxH 5.01 x 2.65 x 1.69 inches,Corded Electric,null,null,Razer,B0B6XTDJS1,null,null,null,null,China,null,null,null,null,null,null,null,null,null,null,null,null,,
B07F816PH9,"Razer Mamba Elite Wired Gaming Mouse: 16,000 DPI Optical Sensor - Chroma RGB Lighting - 9 Programmable Buttons - Mechanical Switches",43,37.95,20232,0,FALSE,4.6,Razer,Classic Black,USB,"Programmable Buttons, Touch Scroll, Ergonomic Design",Optical,null,null,null,null,null,RZ01-02560100-R3U1,PC,null,5,1.7 x 4.92 x 2.75 inches,LxWxH 1.7 x 4.92 x 2.75 inches,Corded Electric,2 AA batteries required.,null,Razer USA Ltd,B07F816PH9,No,null,null,null,null,null,null,null,null,null,null,null,null,null,null,null,null,,
B08QVM2JMQ,Razer Viper 8KHz Ultralight Ambidextrous Wired Gaming Mouse: Fastest Gaming Switches - 20K DPI Optical Sensor - Chroma RGB Lighting - 8 Programmable Buttons - 8000Hz HyperPolling - Classic Black,44,49.99,1996,0,FALSE,4.5,Razer,Classic Black,USB,"Portable, Lighteweight, Programmable buttons",Optical,null,null,null,null,Viper 8KHz,RZ01-03580100-R3U1,PC,"Windows XP, Windows 8, Windows 7, Windows 10",2.5,2.61 x 4.99 x 1.49 inches,LxWxH 2.61 x 4.99 x 1.49 inches,Corded Electric,null,null,Razer,B08QVM2JMQ,null,null,null,null,China,null,null,null,null,null,null,null,null,null,null,null,null,,
B0B6XZLNHQ,Razer DeathAdder V3 Pro Gaming Mouse: 63g Ultra Lightweight - Focus Pro 30K Optical Sensor - Fast Optical Switches Gen-3 - HyperSpeed Wireless - 5 Programmable Buttons - 90 Hr Battery - Black,45,144,966,0,FALSE,4.6,Razer,Black,"Bluetooth, USB","90 Hr Battery, 63g Ultra Lightweight, HyperSpeed Wireless, Focus Pro 30K Optical Sensor, 5 Programmable Buttons, Fast Optical Switches Gen-390 Hr Battery, 63g Ultra Lightweight, HyperSpeed Wireless, Focus Pro 30K Optical Sensor, 5 Programmable Buttons, Fast Optical Switches Ge…",Optical,null,null,null,null,DeathAdder V3 Pro,RZ01-04630100-R3U1,PC,null,2.22,5.01 x 2.65 x 1.69 inches,LxWxH 5.01 x 2.65 x 1.69 inches,Battery Powered,1 Lithium Ion batteries required. (included),null,Razer,B0B6XZLNHQ,null,null,null,null,China,90,null,null,null,null,null,null,null,null,null,null,null,,
B071HVWD55,"UHURU Wireless Gaming Mouse Up to 10000 DPI, Rechargeable USB Wireless Mouse with 6 Buttons 7 Changeable LED Color Ergonomic Programmable MMO RPG for PC Laptop, Compatible with Windows Mac",46,25.99,10314,0,FALSE,4.5,UHURU,black,USB,Programmable Buttons,Optical,null,null,null,null,null,WM-170517-BK,null,null,0.634,4.69 x 2.56 x 1.3 inches,null,null,1 Lithium Polymer batteries required. (included),null,Rlg,B071HVWD55,No,"10,285",4.5,"#661 in Video Games (See Top 100 in Video Games), #12 in Mac Gaming Mice, #39 in PC Gaming Mice",China,null,null,null,null,null,null,null,null,null,null,null,null,,
B09VPBF8NY,"Redragon M656 Gainer Wireless Gaming Mouse, 4000 DPI 2.4Ghz Gamer Mouse w/ 5 DPI Levels, 7 Macro Buttons, Red LED Backlit & Pro Software/Drive Supported, for PC/Mac/Laptop",47,19.99,485,0,FALSE,4.6,Redragon,null,Wireless,Wireless,Optical,7,null,null,null,null,M656,null,null,5.3,8.07 x 5.91 x 2.09 inches,null,null,1 AA batteries required.,null,Redragon,B09VPBF8NY,null,473,4.6,"#544 in Video Games (See Top 100 in Video Games), #9 in Mac Gaming Mice, #32 in PC Gaming Mice",China,null,null,null,null,null,null,null,null,null,null,null,null,,
B08NSJFNSS,"HyperX Pulsefire Haste – Gaming Mouse, Ultra-Lightweight, 59g, Honeycomb Shell, Hex Design, RGB, HyperFlex USB Cable, Up to 16000 DPI, 6 Programmable Buttons,Black",48,29.51,5095,29.51,TRUE,4.7,HyperX,Black,USB,"Programmable Buttons, Lightweight",Optical,null,null,null,null,Pulsefire Haste,HMSH1-A-BK/G,"PC, Mac",null,3.2,4.88 x 2.64 x 1.5 inches,LxWxH 4.88 x 2.64 x 1.5 inches,Corded Electric,1 A batteries required.,null,HP Inc.,B08NSJFNSS,null,null,null,null,null,null,null,null,null,null,null,null,null,null,null,802.11a,null,,
B07KQWR72Z,"Corsair Harpoon RGB Wireless - Wireless Rechargeable Gaming Mouse with SLIPSTREAM Technology - 10,000 DPI Optical Sensor, Black",49,44.99,4356,0,FALSE,4.5,Corsair,Black,Bluetooth,无线,Optical,null,null,null,null,null,CH-9311011-NA,PC,Microsoft Windows,3.52,4.55 x 2.69 x 1.59 inches,LxWxH 4.55 x 2.69 x 1.59 inches,Battery Powered,1 Lithium Polymer batteries required. (included),null,Corsair,B07KQWR72Z,No,null,null,null,China,null,null,null,null,null,null,null,null,null,null,null,null,,
B07LDH3TWM,"Glorious Gaming Mouse - Model O 67 g Superlight Honeycomb Mouse, Matte Black Mouse - USB Gaming Mouse",50,49.99,7036,0,FALSE,4.7,Glorious PC Gaming Race,Matte Black,USB,Lightweight,Optical,null,null,null,null,null,GO-BLACK,null,null,2.36,5.04 x 2.6 x 1.48 inches,null,null,1 Unknown batteries required.,null,Glorious PC Gaming Race,B07LDH3TWM,No,"7,025",4.7,"#912 in Video Games (See Top 100 in Video Games), #55 in PC Gaming Mice",null,null,null,null,null,null,null,null,null,null,null,null,null,,
B011HMDZ0Q,Redragon M602 RGB Wired Gaming Mouse RGB Spectrum Backlit Ergonomic Mouse Griffin Programmable with 7 Backlight Modes up to 7200 DPI for Windows PC Gamers (Black),51,19.99,30574,0,FALSE,4.7,Redragon,Black,USB,"Programmable Buttons, LED Lights",Optical,null,null,null,null,null,M602,null,null,4.6,4.92 x 2.87 x 1.57 inches,null,null,null,null,Redragon,B011HMDZ0Q,No,"30,550",4.7,"#771 in Video Games (See Top 100 in Video Games), #48 in PC Gaming Mice",China,null,null,null,null,null,null,null,null,null,null,null,null,,
B07ZH874DQ,8Bitdo N30 2.4Ghz Wireless Mouse for PC Windows and macOS,52,29.99,604,0,FALSE,4.2,null,null,null,null,null,null,null,null,null,null,null,null,null,null,null,null,null,null,null,null,null,null,null,null,null,null,null,null,null,null,null,null,null,null,null,null,null,null,,
B08565C5BB,Razer Viper Ultimate Lightweight Wireless Gaming Mouse: Fastest Gaming Switches - 20K DPI Optical Sensor - Chroma Lighting - 8 Programmable Buttons - 70 Hr Battery - Classic Black,53,69.99,15261,0,FALSE,4.6,Razer,Classic Black,"2.4 GHz Wireless, USB","Wireless, Led Lights, Programmable Buttons, Lightweight",Optical,null,null,null,null,Viper Ultimate,RZ01-03050200-R3U1,PC,null,2.72,2.61 x 4.98 x 1.49 inches,LxWxH 2.61 x 4.98 x 1.49 inches,Battery Powered,1 Lithium Ion batteries required. (included),null,Razer,B08565C5BB,null,null,null,null,China,null,null,null,null,null,null,null,null,null,null,null,null,,
B0B6Y3XYFG,Razer Basilisk V3 Pro Customizable Wireless Gaming Mouse: Fast Optical Switches Gen-3 - HyperScroll Tilt Wheel - Chroma RGB - 11 Programmable Buttons - Focus Pro 30K Sensor - Classic Black,54,126.99,5601,0,FALSE,4.6,Razer,Classic Black,"Bluetooth, USB, 2.4GHz Wireless","Chroma RGB, Focus Pro 30K Optical Sensor, HyperScroll Tilt Wheel, 11 Programmable Buttons, Fast Optical Switches Gen-3Chroma RGB, Focus Pro 30K Optical Sensor, HyperScroll Tilt Wheel, 11 Programmable Buttons, Fast Optical Switches Gen-3",Optical,null,null,null,null,Basilisk V3 Pro,RZ01-04620100-R3U1,PC,null,3.84,5.12 x 2.96 x 1.67 inches,LxWxH 5.12 x 2.96 x 1.67 inches,Battery Powered,1 Lithium Ion batteries required. (included),null,Razer,B0B6Y3XYFG,null,null,null,null,China,90,null,null,null,null,null,null,null,null,null,null,null,,
B0B4WCKJJQ,"AUEDROT Mouse Jiggler Undetectable Metal USB Mouse Mover with Switch Button, Automatic Mini Mouse Shaker with 2 Jiggle Modes, Driver-Free, Plug and Play, Keep Computer/Laptop Awake, Black, 2 PCS",55,23.99,3807,0,FALSE,4.7,AUEDROT,Black,USB,"Wireless, Portable, Lightweight, Ergonomic Design",Optical,null,null,null,null,null,AUB0B4WCKJJQ,null,null,0.106,0.87 x 0.43 x 0.31 inches,null,null,null,null,null,B0B4WCKJJQ,null,"3,733",4.7,"#649 in Video Games (See Top 100 in Video Games), #7 in GEM Box Microconsole, #41 in PC Gaming Mice",null,null,null,null,null,null,null,null,null,null,null,null,null,,
B09726KT4R,"ASUS ROG Spatha X Wireless Gaming Mouse (Magnetic Charging Stand, 12 Programmable Buttons, 19,000 DPI, Push-fit Hot Swap Switch Sockets, ROG Micro Switches&Paracord and Aura RGB lighting),Black",56,129.99,620,0,FALSE,4.3,ASUS,Black,Bluetooth,"Wireless, Programmable Buttons, Rechargeable, LED Lights",Optical,null,null,null,null,null,P707 ROG SPATHA X,PC,null,0.176,5 x 3 x 2 inches,LxWxH 5 x 3 x 2 inches,Battery Powered,1 Lithium Polymer batteries required.,null,ASUS,B09726KT4R,No,null,null,null,China,null,null,null,null,null,null,null,null,null,null,null,null,,
B09TG6KG2T,Razer Viper Ultimate Lightweight Wireless Gaming Mouse & RGB Charging Dock: Hyperspeed Wireless Technology - 20K DPI Optical Sensor - 74g Lightweight - 70 Hr Battery - Mercury White,57,89.99,15261,0,FALSE,4.6,Razer,Mercury White,Wireless,"Wireless, Programmable Buttons, Lightweight",Optical,null,null,null,null,Viper Ultimate,RZ01-03050400-R3U1,PC,null,2.72,2.6 x 5 x 1.5 inches,LxWxH 2.6 x 5 x 1.5 inches,Battery Powered,1 Lithium Ion batteries required. (included),null,Razer,B09TG6KG2T,null,null,null,null,China,null,null,null,null,null,null,null,null,null,null,null,null,,
B0859TTQRN,"Redragon M686 Wireless Gaming Mouse, 16000 DPI Wired/Wireless Gamer Mouse with Professional Sensor, 45-Hour Durable Power Capacity, Customizable Macro and RGB Backlight for PC/Mac/Laptop",58,42.99,3374,0,FALSE,4.6,Redragon,Black,"2.4Ghz Wireless, USB-C",Wireless,Optical,null,null,null,null,null,M686,null,null,4.3,7.87 x 5.94 x 2.09 inches,null,null,1 Lithium Polymer batteries required.,null,Redragon,B0859TTQRN,null,"3,368",4.6,"#1,596 in Video Games (See Top 100 in Video Games), #88 in PC Gaming Mice",China,null,null,null,null,null,null,null,null,null,null,null,null,,
B0CCVYHZ9N,"CORSAIR SCIMITAR ELITE RGB WIRELESS MMO Gaming Mouse - 26,000 DPI - 16 Programmable Buttons - Up to 150hrs Battery - iCUE Compatible - Black",59,129.99,2581,0,FALSE,4.4,Corsair,Black,"Bluetooth, USB","Wireless, Programmable Buttons, Rechargeable, LED Lights",Optical,null,null,null,null,SCIMITAR ELITE WIRELESS,CH-9314311-NA,"PC, Mac",null,4,4.69 x 2.89 x 1.66 inches,LxWxH 4.69 x 2.89 x 1.66 inches,Battery Powered,1 Lithium Polymer batteries required. (included),null,Corsair,B0CCVYHZ9N,null,null,null,null,Taiwan,120,null,null,null,null,null,null,null,null,null,null,null,,
B08974HYGF,"ASOYIOL Ergonomic Mouse Wireless,Rechargeable Vertical Mouse with USB Receiver,6 Buttons 800/1200/1600 Computer Mouse for Laptop PC(Right Hand,Black)",60,23.99,1681,0,FALSE,4.3,ASOYIOL,Black Rechargeable-Right hand,USB,Ergonomic,Optical,null,null,null,null,null,ASOYIOL,null,null,3.35,4.6 x 2.7 x 4 inches,null,null,1 Lithium Polymer batteries required.,null,ASOI,B08974HYGF,null,"1,669",4.3,"#633 in Video Games (See Top 100 in Video Games), #38 in PC Gaming Mice",China,null,null,null,null,null,null,null,null,null,null,null,null,,
B0BGS8PG3K,"DIERYA Gaming Mouse, Wired Mouse with Honeycomb, Up to 12800 DPI, 6 Programmable Macro Buttons, Software Support for Custom Key Bindings and RGB Settings for Windows 7/8/10/XP Vista Linux-White",61,19.99,546,0,FALSE,4.5,DIERYA,white,USB,"Drag-Free Paracord, High-Precision Optical Sensor, 6 Programmable Buttons, Ultralight Honeycomb Design, Customizable RGBDrag-Free Paracord, High-Precision Optical Sensor, 6 Programmable Buttons, Ultralight Honeycomb Design, Customizable RGB",Optical,null,null,null,null,null,10000 DPI,null,null,2.65,4.91 x 2.48 x 1.6 inches,null,null,null,null,KEMOVE,B0BGS8PG3K,null,537,4.5,"#952 in Video Games (See Top 100 in Video Games), #55 in PC Gaming Mice",China,null,null,null,null,null,null,null,null,null,null,null,null,,
B07MVMPX9D,Glorious Gaming Mouse Bungee - Flexible Mouse Cable Management - Gaming Mouse Accessory (Black),62,10.99,2073,0,FALSE,4.6,Glorious PC Gaming Race,Black,"Wireless, Wired",Wireless,null,null,null,null,Ambidextrous,null,G-MB-BLACK,PC,"Windows, Mac, Linux",9.6,3.82 x 2.48 x 3.46 inches,LxWxH 3.82 x 2.48 x 3.46 inches,Corded Electric,1 Unknown batteries required.,null,Glorious PC Gaming Race,B07MVMPX9D,No,null,null,null,China,null,null,null,null,null,null,null,null,null,null,null,null,,
B07QX9C9WH,"Corsair Nightsword RGB - Comfort Performance Tunable FPS/MOBA Optical Ergonomic Gaming Mouse with Backlit RGB LED, 18000 DPI, Black",63,68.99,5497,0,FALSE,4.6,Corsair,"Blue, Black",Wired,Programmable Buttons,Optical,null,null,null,null,null,CH-9306011-NA,PC,null,4.2,5.08 x 3.38 x 1.71 inches,LxWxH 5.08 x 3.38 x 1.71 inches,Corded Electric,1 Lithium Ion batteries required.,null,Corsair,B07QX9C9WH,null,null,null,null,China,null,null,null,null,null,null,null,null,null,null,null,null,,
B0994K745Y,"AUEDROT Mouse Jiggler Undetectable USB Mouse Mover NO Software Required for Computer, Automatic Mini Mouse Shaker Driver-Free Mouse Movement Simulator Keep Computer/Laptop Awake, Plug & Play (1 PCS)",64,8.99,2110,0,FALSE,4.5,null,null,null,null,null,null,null,null,null,null,null,null,null,null,null,null,null,null,null,null,null,null,null,null,null,null,null,null,null,null,null,null,null,null,null,null,null,null,,
B0B6Y52YXB,Razer DeathAdder V3 Pro Gaming Mouse: 64g Ultra Lightweight - Focus Pro 30K Optical Sensor - Fast Optical Switches Gen-3 - HyperSpeed Wireless - 5 Programmable Buttons - 90 Hr Battery - White,65,148.99,966,0,FALSE,4.6,Razer,White,"Bluetooth, USB","64g Ultra Lightweight, 90 Hr Battery, HyperSpeed Wireless, Focus Pro 30K Optical Sensor, 5 Programmable Buttons, Fast Optical Switches Gen-364g Ultra Lightweight, 90 Hr Battery, HyperSpeed Wireless, Focus Pro 30K Optical Sensor, 5 Programmable Buttons, Fast Optical Switches Ge…",Optical,null,null,null,null,DeathAdder V3 Pro,RZ01-04630200-R3U1,PC,null,2.26,5.01 x 2.65 x 1.69 inches,LxWxH 5.01 x 2.65 x 1.69 inches,Battery Powered,1 Lithium Ion batteries required. (included),null,Razer,B0B6Y52YXB,null,null,null,null,China,90,null,null,null,null,null,null,null,null,null,null,null,,
B09J2K6554,"Trueque Wireless Mouse, 2.4G Noiseless Mouse with USB Receiver- Portable Computer Mice, 3-Level DPI Cordless Mouse for PC, Tablet, Laptop, Notebook with Windows (Mint Green)",66,8.99,1471,0,FALSE,4.6,Trueque,Mint Green,USB,"Wireless, Ergonomic Design,kid Wireless, Back/Forward buttons, 3 DPI levels (800/1200/1600), Portable, Lightweight, Portable, Lightweight, Back & Forward ButtonsWireless, Ergonomic Design,kid Wireless, Back/Forward buttons, 3 DPI levels (800/1200/1600), Portable, Lightweight, Portable, Lightweight, Back & Forward Buttons",Optical,null,null,null,null,null,WXSB10,null,null,2.39,4.1 x 2.4 x 1.6 inches,null,null,1 AA batteries required.,null,Trueque,B09J2K6554,null,"1,458",4.6,"#878 in Video Games (See Top 100 in Video Games), #53 in PC Gaming Mice",null,null,null,null,null,null,null,null,null,null,null,null,null,,
B08176SM7C,"SteelSeries Rival 3 Gaming Mouse - 8,500 CPI TrueMove Core Optical Sensor - 6 Programmable Buttons - Split Trigger Buttons - Brilliant Prism RGB Lighting,Black",67,28.34,8069,0,FALSE,4.4,SteelSeries,Black,USB,Ergonomic,Optical,null,null,null,null,Rival 3,62513,PC,"Windows, Mac, Linux, Xbox (USB port required)",2.7,1.49 x 2.64 x 4.74 inches,LxWxH 1.49 x 2.64 x 4.74 inches,null,null,null,SteelSeries,B08176SM7C,null,null,null,null,China,null,null,null,null,null,null,null,Italian,null,null,null,null,,
B07ML5ZBBG,"Anker 2.4G Wireless Vertical Ergonomic Optical Mouse, 800/1200 /1600 DPI, 5 Buttons for Laptop, Desktop, PC, MacBook - Black (Renewed)",68,18.99,815,0,FALSE,4.4,Anker,Black,Wireless,Wireless,Optical,null,null,null,null,null,null,null,null,3.4,4.8 x 2.52 x 2.95 inches,null,null,null,null,Anker,B07ML5ZBBG,No,813,4.3,"#313 in Amazon Renewed (See Top 100 in Amazon Renewed), #78 in PC Gaming Mice, #1,696 in Climate Pledge Friendly",null,null,null,null,null,null,null,null,null,null,null,null,null,,
B09HYNGRPQ,"Trueque Wireless Mouse E702 2.4GHz Portable Computer Mouse with USB Receiver, Comfortable Silent Mice for Laptop, Chromebook, PC, Notebook, Desktop, Windows, Mac (Blue&Pink)",69,5.99,2035,0,FALSE,4.6,Trueque,Blue&Pink,USB,Noiseless,Optical,null,null,null,null,null,E702,null,null,1.44,3.94 x 2.36 x 1.46 inches,null,null,null,null,Trueque,B09HYNGRPQ,null,"2,016",4.6,"#1,505 in Video Games (See Top 100 in Video Games), #23 in Mac Gaming Mice, #83 in PC Gaming Mice",null,null,null,null,null,null,null,null,null,null,null,null,null,,
B0885FJ8CB,"Razer Gigantus v2 Cloth Gaming Mouse Pad (XXL): Thick, High-Density Foam - Non-Slip Base - Classic Black",70,28.66,10190,0,FALSE,4.7,Razer,Classic Black,null,Non-slip,null,null,Gaming,Rubber,null,null,RZ02-03330400-R3U1,null,null,2.01,37.04 x 16.15 x 0.16 inches,null,null,null,null,Razer,B0885FJ8CB,null,"10,174",4.7,"#1,421 in Video Games (See Top 100 in Video Games), #21 in Mac Gaming Mice, #78 in PC Gaming Mice",Taiwan,null,null,null,null,null,null,null,null,null,null,null,null,,
B0BXBC26X8,Razer Basilisk V3 X HyperSpeed Customizable Wireless Gaming Mouse: Mechanical Switches Gen-2-5G Advanced 18K Optical Sensor - Chroma RGB 9 Programmable Controls 535 Hr Battery Classic Black,71,69.99,5601,0,FALSE,4.6,null,null,null,null,null,null,null,null,null,null,null,null,null,null,null,null,null,null,null,null,null,null,null,null,null,null,null,null,null,null,null,null,null,null,null,null,null,null,,
B0BGKBT1JG,"TMKB Falcon M1SE Ultralight Honeycomb Gaming Mouse, High-Precision 12800DPI Optical Sensor, 6 Programmable Buttons, Customizable RGB, Drag-Free Paracord, Ergonomic, Wired - Matte White",72,19.99,366,0,FALSE,4.6,TMKB Technology Mechanical KeyBoard,White,USB,"Drag-Free Paracord, High-Precision Optical Sensor, 6 Programmable Buttons, Ultralight Honeycomb Design, Customizable RGBDrag-Free Paracord, High-Precision Optical Sensor, 6 Programmable Buttons, Ultralight Honeycomb Design, Customizable RGB",Optical,null,null,null,null,null,M1SE,null,null,2.65,null,null,null,null,null,TMKB Technology Mechanical KeyBoard,B0BGKBT1JG,null,350,4.6,"#989 in Video Games (See Top 100 in Video Games), #58 in PC Gaming Mice",China,null,null,null,null,null,null,null,null,5.94 x 3.66 x 1.73 inches,null,null,null,,
B071WZ56G9,"Logitech G Powerplay Wireless Charging System for G502 Lightspeed, G703, G903 Lightspeed and PRO Wireless Gaming Mice, Cloth or Hard Mouse Pad - Black",73,111.49,3431,0,FALSE,4.7,Logitech,Black,null,Wireless,null,null,Gaming,Plastic,null,G Powerplay,943-000109,"playstation 2, PC","Windows 8.1, Windows 8, Windows 7, Windows 10",3.6,12.6 x 0.4 x 10.8 inches,LxWxH 12.6 x 0.4 x 10.8 inches,Corded Electric,null,null,Logitech,B071WZ56G9,No,null,null,null,null,null,null,null,null,null,null,null,null,null,null,null,4,,
B01798VS4C,"Corsair MM300 - Anti-Fray Cloth Gaming - High-Performance Mouse Pad Optimized for Gaming Sensors - Designed for Maximum Control - Extended, Multi Color",74,27.99,21834,0,FALSE,4.8,Corsair,Multicolor,null,Non-slip,null,null,Gaming,Rubber,null,null,CH-9000108-WW,PC,null,1,36.6 x 11.8 x 0.1 inches,LxWxH 36.6 x 11.8 x 0.1 inches,null,null,null,Corsair,B01798VS4C,No,null,null,null,Taiwan,null,null,null,null,null,null,null,null,null,1 Volts,802.11a,null,,
B0916MW7CG,Razer Orochi V2 Mobile Wireless Gaming Mouse: Ultra Lightweight - 2 Wireless Modes - Up to 950hrs Battery Life - Mechanical Mouse Switches - 5G Advanced 18K DPI Optical Sensor - White,75,49.99,3784,0,FALSE,4.5,Razer,White,Bluetooth,"Wireless, Portable, Lightweight, Touch Scroll",Optical,null,null,null,null,Orochi V2,RZ01-03730400-R3U1,PC,null,2.08,4.26 x 1.52 x 2.47 inches,LxWxH 4.26 x 1.52 x 2.47 inches,Battery Powered,1 AA batteries required. (included),null,Razer,B0916MW7CG,null,null,null,null,China,null,null,null,null,null,null,null,null,null,null,null,null,,
B098RDJZFM,Glorious Gaming - Model O Wireless RGB Mouse with Lights 69 g Superlight Mouse Honeycomb Mouse (Matte White Mouse),76,79.99,3429,0,FALSE,4.5,Glorious PC Gaming Race,Matte White,2.4GHz Wireless,null,Optical,6,null,null,null,null,GLO-MS-OW-MW-AMAZON,null,null,2.4,5 x 2.6 x 1.48 inches,null,null,1 Lithium Ion batteries required. (included),null,Glorious PC Gaming Race,B098RDJZFM,null,"3,411",4.5,"#1,445 in Video Games (See Top 100 in Video Games), #81 in PC Gaming Mice",null,null,null,null,null,null,null,null,null,null,null,null,null,,
B01MS4C5WX,"Corsair MM100 - Cloth Mouse Pad - High-Performance Mouse Pad Optimized for Gaming Sensors - Designed for Maximum Control, Black",77,4.99,2214,0,FALSE,4.6,null,null,null,null,null,null,null,null,null,null,null,null,null,null,null,null,null,null,null,null,null,null,null,null,null,null,null,null,null,null,null,null,null,null,null,null,null,null,,
B0BVYYNM4T,"SOLAKAKA Wireless Gaming Mouse with Tri-Modes(BT5.1+BT5.1+2.4G),Rechargeable RGB Wireless Mouse with Honeycomb Shell,Side Buttons Computer Gaming Mice,Black",78,25.89,495,0,FALSE,4.1,SOLAKAKA,black-SM600 PLUS,"Wireless, Bluetooth, USB",Wireless,Optical,null,null,null,null,null,null,null,null,3.17,null,null,null,null,null,SOLAKAKA,B0BVYYNM4T,null,433,4.2,"#1,173 in Video Games (See Top 100 in Video Games), #66 in PC Gaming Mice",null,null,null,null,null,null,null,null,null,6.46 x 4.8 x 3.07 inches,null,null,null,,
B0086UK7IQ,"Logitech G600 MMO Gaming Mouse, RGB Backlit, 20 Programmable Buttons, Black",79,60.43,16908,60.43,TRUE,4.5,Logitech,Black,USB,Ergonomic,Optical,null,null,null,null,LOGITECH INC.,910-002864,PC,Windows 7,4.7,1.6 x 2.9 x 4.6 inches,LxWxH 1.6 x 2.9 x 4.6 inches,Battery Powered,C batteries required.,mouse,Logitech,B0086UK7IQ,No,null,null,null,null,null,null,null,null,null,null,null,English,null,null,null,null,,
B07Y693ND1,"Razer Gaming Mouse (2018 Model), Mercury White",80,25.99,34263,0,FALSE,4.6,Razer,Mercury White,Wired,null,Optical,5,null,null,null,Deathadder Essential,RZ01-02540200-R3C1,PC,null,4.3,5.01 x 2.86 x 1.69 inches,LxWxH 5.01 x 2.86 x 1.69 inches,null,1 Lithium Ion batteries required.,null,Razer,B07Y693ND1,null,null,null,null,China,null,null,null,null,null,null,null,null,null,null,null,null,,
B0BQ2KX5GQ,"Bluetooth Mouse, Wireless Gaming Mouse, 800mAh Rechargeable Silent Mouse with Tri-Modes, Side Buttons, RGB Backlit, 2400 DPI, Ergonomic Computer Mouse for Laptop PC Macbook Pro/Air iPad Tablet Mac",81,22.98,1809,0,FALSE,4.3,null,null,null,null,null,null,null,null,null,null,null,null,null,null,null,null,null,null,null,null,null,null,null,null,null,null,null,null,null,null,null,null,null,null,null,null,null,null,,
B09NDJJJKQ,"Redragon M991 Wireless Gaming Mouse, 19000 DPI Wired/Wireless Gamer Mouse w/Rapid Fire Key, 9 Macro Buttons, 45-Hour Durable Power Capacity and RGB Backlight for PC/Mac/Laptop",82,46.99,733,0,FALSE,4.5,Redragon,Black,"2.4Ghz Wireless, USB-C",Wireless,Optical,null,null,null,null,null,M991,null,null,8.1,7.87 x 5.91 x 1.97 inches,null,null,1 Lithium Polymer batteries required.,null,Redragon,B09NDJJJKQ,null,710,4.5,"#1,189 in Video Games (See Top 100 in Video Games), #19 in Mac Gaming Mice, #74 in PC Gaming Mice",China,null,null,null,null,null,null,null,null,null,null,null,null,,
B09GK3LTVC,Razer DeathAdder V2 X HyperSpeed: Award-Winning Ergonomic Design - Ultra-Fast Wireless - 235hr Battery Life - 7 Programmable Buttons - Gen 2 Mechanical Switches - 5G 14K DPI Optical Sensor,83,55.59,17614,0,FALSE,4.7,Razer,Classic Black,Bluetooth,"Wireless, Programmable Buttons, Ergonomic Design",Optical,null,null,null,null,DeathAdder V2 X HyperSpeed,RZ01-04130100-R3U1,PC,null,3.68,5 x 1.68 x 2.76 inches,LxWxH 5 x 1.68 x 2.76 inches,Battery Powered,1 Lithium Polymer batteries required. (included),null,Razer,B09GK3LTVC,null,null,null,null,China,null,null,null,null,null,null,null,null,null,null,null,null,,
B0B5MH3993,"HyperX Pulsefire Haste – Gaming Mouse – TimTheTatMan Edition – Ultra-Lightweight, 59g, Honeycomb Shell, Hex Design, HyperFlex USB Cable, Up to 16000 DPI, 6 Programmable Buttons",84,26.99,5095,0,FALSE,4.7,null,null,null,null,null,null,null,null,null,null,null,null,null,null,null,null,null,null,null,null,null,null,null,null,null,null,null,null,null,null,null,null,null,null,null,null,null,null,,
B0C747G2K8,"Redragon Wireless Gaming Mouse, Tri-Mode 2.4G/USB-C/Bluetooth Mouse Gaming, 10000 DPI, RGB Backlit, Fully Programmable, Rechargeable Wireless Computer Mouse for Laptop PC Mac, Black",85,29.59,697,0,FALSE,4.5,null,null,null,null,null,null,null,null,null,null,null,null,null,null,null,null,null,null,null,null,null,null,null,null,null,null,null,null,null,null,null,null,null,null,null,null,null,null,,
B0759V6FZC,"J-Tech Digital Wired Ergonomic Vertical USB Mouse with Adjustable Sensitivity (600/1000/1600 DPI), Scroll Endurance, Removable Palm Rest & Thumb Buttons [V628]",86,15.96,5767,0,FALSE,4.3,null,null,null,null,null,null,null,null,null,null,null,null,null,null,null,null,null,null,null,null,null,null,null,null,null,null,null,null,null,null,null,null,null,null,null,null,null,null,,
B09VNTCZZN,"SteelSeries Aerox 5 - Lightweight Gaming Mouse - 18000 CPI -- TrueMove Air Optical Sensor - Ultra-lightweight Water Resistant Design - Universal USB-C Connectivity,Black",87,59.99,724,0,FALSE,4.4,null,null,null,null,null,null,null,null,null,null,null,null,null,null,null,null,null,null,null,null,null,null,null,null,null,null,null,null,null,null,null,null,null,null,null,null,null,null,,
B0CF4DJM7F,Razer Viper V3 HyperSpeed Wireless Esports Gaming Mouse: 82g Lightweight Design - 30K DPI Optical Sensor - Up to 280 Hr Battery Life - HyperSpeed Wireless - Mechanical Switches Gen-2 - Classic Black,88,69.99,37,0,FALSE,4.6,null,null,null,null,null,null,null,null,null,null,null,null,null,null,null,null,null,null,null,null,null,null,null,null,null,null,null,null,null,null,null,null,null,null,null,null,null,null,,
B07THFMNQ2,"TRELC Gaming Mouse with 5 D Rocker, Ergonomic Mouse with 10000 DPI/11 Programmable Buttons, RGB Vertical Gaming Mice Wired for PC/Laptop/E-Sports/Gamer (Black)",89,28.99,1635,0,FALSE,4.3,null,null,null,null,null,null,null,null,null,null,null,null,null,null,null,null,null,null,null,null,null,null,null,null,null,null,null,null,null,null,null,null,null,null,null,null,null,null,,
B08SHCKVTG,"Corsair Katar Pro XT Ultra-Light Gaming Mouse- 18k DPI PixArt Optical Sensor- RGB Scroll Wheel Lighting- 6 Programmable Buttons- Lightweight Paracord Cable,Black",90,24.99,659,0,FALSE,4.4,null,null,null,null,null,null,null,null,null,null,null,null,null,null,null,null,null,null,null,null,null,null,null,null,null,null,null,null,null,null,null,null,null,null,null,null,null,null,,
B09HZ95V6Z,"Trueque Wireless Mouse E702 2.4GHz Portable Computer Mouse with USB Receiver, Comfortable Silent Mice for Laptop, Chromebook, PC, Notebook, Desktop, Windows, Mac (Mint Green)",91,8.99,2035,0,FALSE,4.6,Trueque,Mint Green,USB,Noiseless,Optical,null,null,null,null,null,E702,null,null,2.39,3.94 x 2.36 x 1.46 inches,null,null,null,null,Trueque,B09HZ95V6Z,null,"2,016",4.6,"#414 in Video Games (See Top 100 in Video Games), #6 in Mac Gaming Mice, #26 in PC Gaming Mice",null,null,null,null,null,null,null,null,null,null,null,null,null,,
B0BGJT87N2,Razer Naga V2 HyperSpeed Wireless MMO Gaming Mouse: 19 Programmable Buttons - HyperScroll Technology - Focus Pro 30K Optical Sensor - Mechanical Mouse Switches Gen-2 - Up to 400 Hr Battery Life,92,99.99,376,0,FALSE,4.2,null,null,null,null,null,null,null,null,null,null,null,null,null,null,null,null,null,null,null,null,null,null,null,null,null,null,null,null,null,null,null,null,null,null,null,null,null,null,,
B0BNWLCM36,"GK-XLI RGB USB Gaming Mouse, Wired with Chroma Backlight Mode, Adjustable High-Precision DPI Ergonomic Mice For PC, Computer, Laptop for Gamers",93,5.99,374,0,FALSE,4.1,null,null,null,null,null,null,null,null,null,null,null,null,null,null,null,null,null,null,null,null,null,null,null,null,null,null,null,null,null,null,null,null,null,null,null,null,null,null,,
B07V6Z9RW4,Razer Viper Ultralight Ambidextrous Wired Gaming Mouse 16000 DPI Black,94,49.99,17933,0,FALSE,4.6,null,null,null,null,null,null,null,null,null,null,null,null,null,null,null,null,null,null,null,null,null,null,null,null,null,null,null,null,null,null,null,null,null,null,null,null,null,null,,
B0BKKTBMYV,"E-YOOSO Large Wireless Mouse, X-31 Large Mouse for Big Hands, 5-Level 4800 DPI, 6 Button Big Ergo Computer Mouse, 18 Months Battery Life Cordless Mouse for Laptop, Mac, Chromebook, PC, Windows(Black)",95,19.99,273,0,FALSE,4.4,E-YOOSO,Black,"Wireless, USB","Wireless, Ergonomic Design",Optical,null,null,null,null,null,X-31,null,null,5.6,null,null,null,null,null,E-YOOSO,B0BKKTBMYV,null,269,4.4,"#1,340 in Video Games (See Top 100 in Video Games), #19 in Mac Gaming Mice, #75 in PC Gaming Mice",China,null,null,null,null,null,null,null,null,7.24 x 5.35 x 2.32 inches,null,null,null,,
B0952T78F7,"Honeycomb Wired Gaming Mouse, RGB Backlight and 7200 Adjustable DPI, Ergonomic and Lightweight USB Computer Mouse with High Precision Sensor for Windows PC & Laptop Gamers (White)",96,13.99,1302,0,FALSE,4.4,null,null,null,null,null,null,null,null,null,null,null,null,null,null,null,null,null,null,null,null,null,null,null,null,null,null,null,null,null,null,null,null,null,null,null,null,null,null,,
B01M2U8JU9,"FIRSTBLOOD ONLY GAME. AJ52 Watcher RGB Gaming Mouse, Programmable 7 Buttons, Ergonomic LED Backlit USB Gamer Mice Computer Laptop PC, for Windows Mac Linux OS, Star White",97,19.99,4425,0,FALSE,4.6,null,null,null,null,null,null,null,null,null,null,null,null,null,null,null,null,null,null,null,null,null,null,null,null,null,null,null,null,null,null,null,null,null,null,null,null,null,null,,
B07MGDRBBF,Glorious Gaming Mouse - Model O Matte White 67 g Superlight Honeycomb USB Gaming Mouse,98,49.99,7453,0,FALSE,4.7,null,null,null,null,null,null,null,null,null,null,null,null,null,null,null,null,null,null,null,null,null,null,null,null,null,null,null,null,null,null,null,null,null,null,null,null,null,null,,
B08564NLZG,"Razer Basilisk Ultimate HyperSpeed Wireless Gaming Mouse: Fastest Gaming Mouse Switch, 20K DPI Optical Sensor, Chroma RGB Lighting, 11 Programmable Buttons, 100 Hr Battery, Classic Black",99,97.99,9151,0,FALSE,4.6,Razer,black,Razer HyperSpeed Wireless,"Wireless, Led Lights, Programmable Buttons",Optical,null,null,null,null,Basilisk Ultimate,RZ01-03170200-R3U1,PC,null,3.84,2.96 x 5.11 x 1.67 inches,LxWxH 2.96 x 5.11 x 1.67 inches,Battery Powered,1 Lithium Ion batteries required. (included),mouse,Razer,B08564NLZG,null,null,null,null,China,null,null,null,null,null,null,null,null,null,1.5 Volts,null,null,,
B09X6PP4XX,Superglide - Fastest and Smoothest Mouse Feet/Skates Made with Ultra Strong Flawless Glass Super Fast Smooth and Durable Sole for Logitech G PRO X Superlight (Magenta),100,24.95,1518,0,FALSE,4.5,null,null,null,null,null,null,null,null,null,null,null,null,null,null,null,null,null,null,null,null,null,null,null,null,null,null,null,null,null,null,null,null,null,null,null,null,null,null,,
